StockCode,Month,UnitsSold,AvgPrice,Revenue,lag_1_units,rolling_3_units,price_change_pct,month_num,year
15036,2011-02-01,2172,0.7404761904761905,1449.0,912.0,1072.0,0.012040351448096454,2,2011
15036,2011-03-01,2912,0.7350000000000001,1986.0,2172.0,1998.6666666666667,-0.007395498392282818,3,2011
15036,2011-04-01,1900,0.8136666666666666,1431.68,2912.0,2328.0,0.10702947845804966,4,2011
15036,2011-05-01,3888,0.82,2921.04,1900.0,2900.0,0.0077836952068823795,5,2011
15036,2011-06-01,3096,0.8197999999999999,2323.08,3888.0,2961.3333333333335,-0.00024390243902450148,6,2011
15036,2011-07-01,3384,0.8208333333333333,2544.7200000000003,3096.0,3456.0,0.0012604700333416208,7,2011
15036,2011-08-01,1212,0.8254166666666666,926.76,3384.0,2564.0,0.005583756345177493,8,2011
15036,2011-09-01,444,0.8235294117647058,363.2399999999999,1212.0,1680.0,-0.002286426938266417,9,2011
15036,2011-10-01,1212,0.8254166666666666,939.96,444.0,956.0,0.002291666666666581,10,2011
15036,2011-11-01,564,0.83,468.11999999999995,1212.0,740.0,0.005552751135790013,11,2011
15036,2011-12-01,48,0.83,39.84,564.0,608.0,0.0,12,2011
16014,2011-02-01,1501,0.37,480.42,10.0,846.6666666666666,-0.11904761904761907,2,2011
16014,2011-03-01,1060,0.37,345.2,1501.0,857.0,0.0,3,2011
16014,2011-04-01,23,0.42,9.66,1060.0,861.3333333333334,0.1351351351351351,4,2011
16014,2011-05-01,2771,0.395,903.82,23.0,1284.6666666666667,-0.05952380952380942,5,2011
16014,2011-06-01,32,0.37,11.44,2771.0,942.0,-0.06329113924050633,6,2011
16014,2011-07-01,60,0.42,25.200000000000003,32.0,954.3333333333334,0.1351351351351351,7,2011
16014,2011-08-01,2065,0.4057142857142857,667.3,60.0,719.0,-0.03401360544217691,8,2011
16014,2011-09-01,1061,0.4,345.62,2065.0,1062.0,-0.014084507042253391,9,2011
16014,2011-10-01,40,0.42,16.8,1061.0,1055.3333333333333,0.04999999999999982,10,2011
16014,2011-11-01,3606,0.4,1164.52,40.0,1569.0,-0.04761904761904756,11,2011
16014,2011-12-01,70,0.42,29.4,3606.0,1238.6666666666667,0.04999999999999982,12,2011
17003,2011-02-01,397,0.2633333333333333,106.49,3174.0,1563.3333333333333,0.3859649122807016,2,2011
17003,2011-03-01,3396,0.2793333333333333,869.64,397.0,2322.3333333333335,0.06075949367088618,3,2011
17003,2011-04-01,496,0.2855555555555555,138.07999999999998,3396.0,1429.6666666666667,0.02227525855210799,4,2011
17003,2011-05-01,2209,0.2842857142857142,583.01,496.0,2033.6666666666667,-0.004446914952751624,5,2011
17003,2011-06-01,2988,0.2811111111111111,751.3199999999999,2209.0,1897.6666666666667,-0.011166945840312414,6,2011
17003,2011-07-01,1799,0.2876470588235293,492.91,2988.0,2332.0,0.02325040688212021,7,2011
17003,2011-08-01,1486,0.2877777777777777,402.14,1799.0,2091.0,0.0004544421722336711,8,2011
17003,2011-09-01,2153,0.3625,608.5500000000001,1486.0,1812.6666666666667,0.25965250965250997,9,2011
17003,2011-10-01,2399,0.3783333333333333,779.37,2153.0,2012.6666666666667,0.04367816091954024,10,2011
17003,2011-11-01,1056,0.4026315789473684,413.28,2399.0,1869.3333333333333,0.06422443774634834,11,2011
17003,2011-12-01,291,0.4118181818181818,113.73,1056.0,1248.6666666666667,0.022816399286987643,12,2011
20668,2011-02-01,48,0.12,5.76,72.0,659.3333333333334,0.0,2,2011
20668,2011-03-01,168,0.12,20.159999999999997,48.0,96.0,0.0,3,2011
20668,2011-04-01,49,0.12,5.88,168.0,88.33333333333333,0.0,4,2011
20668,2011-05-01,128,0.12,15.36,49.0,115.0,0.0,5,2011
20668,2011-06-01,438,0.12,52.56,128.0,205.0,0.0,6,2011
20668,2011-07-01,294,0.12,35.28,438.0,286.6666666666667,0.0,7,2011
20668,2011-08-01,1152,0.1177777777777777,126.72,294.0,628.0,-0.018518518518519156,8,2011
20668,2011-09-01,313,0.12,37.559999999999995,1152.0,586.3333333333334,0.01886792452830255,9,2011
20668,2011-10-01,2357,0.1184615384615384,263.64,313.0,1274.0,-0.01282051282051333,10,2011
20668,2011-11-01,4391,0.1184375,480.84,2357.0,2353.6666666666665,-0.00020292207792149686,11,2011
20668,2011-12-01,1446,0.1171428571428571,156.24,4391.0,2731.3333333333335,-0.010931021485111492,12,2011
20724,2011-02-01,1002,0.8328947368421052,773.7,660.0,662.6666666666666,-0.01095623188954753,2,2011
20724,2011-03-01,999,0.8360714285714286,777.65,1002.0,887.0,0.003814037463326647,3,2011
20724,2011-04-01,661,0.8426415094339622,531.95,999.0,887.3333333333334,0.007858276982099177,4,2011
20724,2011-05-01,937,0.8436065573770491,744.45,661.0,865.6666666666666,0.0011452651362204858,5,2011
20724,2011-06-01,1527,0.836,1180.95,937.0,1041.6666666666667,-0.009016712009327632,6,2011
20724,2011-07-01,867,0.8435,697.9499999999999,1527.0,1110.3333333333333,0.008971291866028741,7,2011
20724,2011-08-01,1488,0.8355555555555556,1158.2,867.0,1294.0,-0.009418428505565402,8,2011
20724,2011-09-01,1479,0.8574712643678161,1164.59,1488.0,1278.0,0.026228906823184017,9,2011
20724,2011-10-01,1137,0.8719101123595505,920.69,1479.0,1368.0,0.016838870982317733,10,2011
20724,2011-11-01,1346,0.8611827956989248,1081.44,1137.0,1320.6666666666667,-0.0123032368916971,11,2011
20724,2011-12-01,380,0.8825,297.78000000000003,1346.0,954.3333333333334,0.02475340242227486,12,2011
20725,2011-02-01,1076,1.6363013698630136,1675.4,1546.0,1090.0,0.006485465153391434,2,2011
20725,2011-03-01,1388,1.633333333333333,2176.2,1076.0,1336.6666666666667,-0.0018138691223664738,3,2011
20725,2011-04-01,924,1.6479166666666665,1504.6,1388.0,1129.3333333333333,0.008928571428571397,4,2011
20725,2011-05-01,2197,1.638148148148148,3439.05,924.0,1503.0,-0.005927798848152865,5,2011
20725,2011-06-01,1477,1.6421875,2337.05,2197.0,1532.6666666666667,0.002465803753108897,6,2011
20725,2011-07-01,1663,1.6399159663865543,2631.95,1477.0,1779.0,-0.0013832364534778208,7,2011
20725,2011-08-01,1975,1.641304347826087,3144.75,1663.0,1705.0,0.0008466174291794637,8,2011
20725,2011-09-01,1744,1.6592086330935252,2761.04,1975.0,1794.0,0.010908571156319935,9,2011
20725,2011-10-01,1170,1.7387619047619047,1902.02,1744.0,1629.6666666666667,0.0479465150323235,10,2011
20725,2011-11-01,1732,1.7155384615384617,2752.04,1170.0,1548.6666666666667,-0.01335631011919547,11,2011
20725,2011-12-01,357,1.7094285714285713,586.25,1732.0,1086.3333333333333,-0.003561499929538803,12,2011
20727,2011-02-01,426,1.6448717948717946,682.9,683.0,522.6666666666666,0.0016532721010331652,2,2011
20727,2011-03-01,1033,1.6393617021276594,1620.45,426.0,714.0,-0.003349861528001097,3,2011
20727,2011-04-01,443,1.65,730.95,1033.0,634.0,0.006489292667099411,4,2011
20727,2011-05-01,979,1.6459183673469386,1575.35,443.0,818.3333333333334,-0.0024737167594310883,5,2011
20727,2011-06-01,1054,1.6414893617021276,1659.1,979.0,825.3333333333334,-0.0026909023756446215,6,2011
20727,2011-07-01,1310,1.643333333333333,2099.5,1054.0,1114.3333333333333,0.0011233527759775264,7,2011
20727,2011-08-01,1364,1.6419191919191918,2150.6,1310.0,1242.6666666666667,-0.0008605323006944943,8,2011
20727,2011-09-01,1228,1.6436,1980.2,1364.0,1300.6666666666667,0.0010236850199938363,9,2011
20727,2011-10-01,938,1.644285714285714,1491.7,1228.0,1176.6666666666667,0.0004172026561899411,10,2011
20727,2011-11-01,1112,1.6471014492753622,1790.8,938.0,1092.6666666666667,0.0017124365705940559,11,2011
20727,2011-12-01,262,1.6448717948717946,422.7,1112.0,770.6666666666666,-0.0013536837118007794,12,2011
21080,2011-02-01,1260,0.8244,935.64,923.0,986.0,-0.019268465909090815,2,2011
21080,2011-03-01,1809,0.8333720930232559,1400.37,1260.0,1330.6666666666667,0.010883179310111402,3,2011
21080,2011-04-01,964,0.8403703703703703,757.0,1809.0,1344.3333333333333,0.00839754223317768,4,2011
21080,2011-05-01,1140,0.84,906.6,964.0,1304.3333333333333,-0.00044072278536799736,5,2011
21080,2011-06-01,1225,0.8391666666666667,966.37,1140.0,1109.6666666666667,-0.0009920634920633775,6,2011
21080,2011-07-01,568,0.8449019607843137,457.84,1225.0,977.6666666666666,0.006834511361644813,7,2011
21080,2011-08-01,870,0.8420408163265306,702.06,568.0,887.6666666666666,-0.0033863626676011727,8,2011
21080,2011-09-01,962,0.8408474576271187,767.7,870.0,800.0,-0.001417221916412692,9,2011
21080,2011-10-01,740,0.8426865671641791,588.04,962.0,857.3333333333334,0.002187209487735764,10,2011
21080,2011-11-01,851,0.8435616438356164,673.21,740.0,851.0,0.0010384367160165553,11,2011
21080,2011-12-01,226,0.8418749999999999,179.62,851.0,605.6666666666666,-0.0019994316336473528,12,2011
21181,2011-02-01,730,2.0629310344827587,1417.2,603.0,814.3333333333334,-0.010312283889514218,2,2011
21181,2011-03-01,1301,2.0739080459770114,2534.34,730.0,878.0,0.005321075358684979,3,2011
21181,2011-04-01,1041,2.081707317073171,2087.1000000000004,1301.0,1024.0,0.0037606638882996535,4,2011
21181,2011-05-01,908,2.060714285714286,1736.4,1041.0,1083.3333333333333,-0.01008452590174913,5,2011
21181,2011-07-01,192,2.39,458.88,908.0,713.6666666666666,0.15979202772963608,7,2011
21181,2011-08-01,1,2.1,2.1,192.0,367.0,-0.12133891213389125,8,2011
21181,2011-09-01,2514,2.059909090909091,4993.92,1.0,902.3333333333334,-0.019090909090909047,9,2011
21181,2011-10-01,1949,2.0748076923076924,3957.64,2514.0,1488.0,0.007232649957394921,10,2011
21181,2011-11-01,937,2.079375,2048.82,1949.0,1800.0,0.00220131615534358,11,2011
21181,2011-12-01,677,2.079166666666667,1373.7,937.0,1187.6666666666667,-0.00010019036168706918,12,2011
21212,2011-02-01,1912,0.5391666666666667,958.0,3329.0,2937.6666666666665,0.012448617339312351,2,2011
21212,2011-03-01,3720,0.5385576923076923,1854.0,1912.0,2987.0,-0.001129473308762341,3,2011
21212,2011-04-01,2816,0.545940594059406,1373.6,3720.0,2816.0,0.013708655279025539,4,2011
21212,2011-05-01,3212,0.5446938775510204,1560.68,2816.0,3249.3333333333335,-0.002283612030231086,5,2011
21212,2011-06-01,1778,0.541095890410959,884.3000000000001,3212.0,2602.0,-0.006605521538516679,6,2011
21212,2011-07-01,2627,0.5408000000000001,1290.0500000000002,1778.0,2539.0,-0.0005468354430380185,7,2011
21212,2011-08-01,2837,0.5398484848484849,1317.95,2627.0,2414.0,-0.0017594584902277388,8,2011
21212,2011-09-01,3282,0.5522772277227723,1592.3000000000002,2837.0,2915.3333333333335,0.02302265028635886,9,2011
21212,2011-10-01,1958,0.5756565656565656,1025.0,3282.0,2692.3333333333335,0.04233261260869714,10,2011
21212,2011-11-01,2366,0.569655172413793,1209.6,1958.0,2535.3333333333335,-0.010425301474547899,11,2011
21212,2011-12-01,284,0.5833333333333334,161.10000000000002,2366.0,1536.0,0.024011299435028333,12,2011
21213,2011-02-01,464,0.5451851851851852,239.6,785.0,810.3333333333334,0.016090640769304,2,2011
21213,2011-03-01,1352,0.5411363636363636,681.2,464.0,867.0,-0.0074265069169960896,3,2011
21213,2011-04-01,1701,0.5331250000000001,744.75,1352.0,1172.3333333333333,-0.014804703905921701,4,2011
21213,2011-05-01,649,0.5427777777777778,335.11,1701.0,1234.0,0.01810603100169339,5,2011
21213,2011-06-01,1174,0.54,583.3000000000001,649.0,1174.6666666666667,-0.0051177072671443335,6,2011
21213,2011-07-01,1149,0.5431707317073171,544.35,1174.0,990.6666666666666,0.005871725383920445,7,2011
21213,2011-08-01,1359,0.5406666666666667,623.85,1149.0,1227.3333333333333,-0.004610088310133098,8,2011
21213,2011-09-01,2458,0.5351428571428571,1133.5,1359.0,1655.3333333333333,-0.010216663730843845,9,2011
21213,2011-10-01,1298,0.5437096774193548,651.5,2458.0,1705.0,0.016008473554587344,10,2011
21213,2011-11-01,604,0.5472916666666667,316.6,1298.0,1453.3333333333333,0.006588054978740265,11,2011
21213,2011-12-01,134,0.55,73.7,604.0,678.6666666666666,0.004948610582413471,12,2011
21731,2011-02-01,884,1.6155172413793102,1314.6,748.0,1132.3333333333333,-0.017175822735020274,2,2011
21731,2011-03-01,399,1.65,658.3499999999999,884.0,677.0,0.02134471718249742,3,2011
21731,2011-04-01,402,1.641304347826087,634.4999999999999,399.0,561.6666666666666,-0.005270092226613898,4,2011
21731,2011-05-01,1048,1.6155172413793102,1613.9999999999998,402.0,616.3333333333334,-0.015711349623201754,5,2011
21731,2011-06-01,682,1.6277777777777775,1038.9,1048.0,710.6666666666666,0.007589232775998989,6,2011
21731,2011-07-01,481,1.65,793.65,682.0,737.0,0.013651877133105783,7,2011
21731,2011-08-01,2253,1.62,3341.85,481.0,1138.6666666666667,-0.018181818181818077,8,2011
21731,2011-09-01,1259,1.6425925925925924,1990.95,2253.0,1331.0,0.013946044810242197,9,2011
21731,2011-10-01,866,1.709230769230769,1374.58,1259.0,1459.3333333333333,0.040568901222790776,10,2011
21731,2011-11-01,1689,1.704181818181818,2725.0499999999997,866.0,1271.3333333333333,-0.0029539317568120227,11,2011
21731,2011-12-01,395,1.7065517241379309,663.2299999999999,1689.0,983.3333333333334,0.0013906414977724602,12,2011
21790,2011-02-01,370,0.8448,295.78,406.0,536.3333333333334,0.021450924608819477,2,2011
21790,2011-03-01,673,0.8415217391304348,543.9699999999999,370.0,483.0,-0.0038805171277996875,3,2011
21790,2011-04-01,1008,0.8397368421052631,791.28,673.0,683.6666666666666,-0.002121034956287793,4,2011
21790,2011-05-01,800,0.8418749999999999,633.1999999999999,1008.0,827.0,0.0025462237543090183,5,2011
21790,2011-06-01,731,0.8344117647058823,524.87,800.0,846.3333333333334,-0.008865015939560683,6,2011
21790,2011-07-01,1128,0.8345098039215687,824.88,731.0,886.3333333333334,0.00011749500646240918,7,2011
21790,2011-08-01,754,0.8476363636363636,622.18,1128.0,871.0,0.015729665071770205,8,2011
21790,2011-09-01,2380,0.8426666666666667,1787.7399999999998,754.0,1420.6666666666667,-0.00586300586300581,9,2011
21790,2011-10-01,1547,0.8747,1263.4699999999998,2380.0,1560.3333333333333,0.03801424050632907,10,2011
21790,2011-11-01,2094,0.8662937062937063,1702.14,1547.0,2007.0,-0.00961048783159224,11,2011
21790,2011-12-01,612,0.8641304347826086,498.36,2094.0,1417.6666666666667,-0.0024971571366400047,12,2011
21915,2011-02-01,691,1.242962962962963,783.95,604.0,1152.3333333333333,-0.0008838278117353493,2,2011
21915,2011-03-01,1344,1.2337142857142858,1535.6,691.0,879.6666666666666,-0.007440830921164654,3,2011
21915,2011-04-01,1252,1.226969696969697,1403.12,1344.0,1095.6666666666667,-0.005466896851797243,4,2011
21915,2011-05-01,961,1.2455813953488373,1148.05,1252.0,1185.6666666666667,0.015168832959042478,5,2011
21915,2011-06-01,891,1.225,1012.83,961.0,1034.6666666666667,-0.016523525018670604,6,2011
21915,2011-07-01,742,1.25,927.5,891.0,864.6666666666666,0.020408163265306145,7,2011
21915,2011-08-01,1939,1.223611111111111,2140.27,742.0,1190.6666666666667,-0.02111111111111119,8,2011
21915,2011-09-01,3000,1.270108695652174,3432.2000000000003,1939.0,1893.6666666666667,0.03800029610620359,9,2011
21915,2011-10-01,3263,1.3016981132075471,3775.71,3000.0,2734.0,0.024871428456091804,10,2011
21915,2011-11-01,3004,1.31,3305.94,3263.0,3089.0,0.006377735903754234,11,2011
21915,2011-12-01,1122,1.155,1189.7,3004.0,2463.0,-0.11832061068702293,12,2011
21931,2011-02-01,971,1.9125,1713.45,759.0,719.0,-0.00136612021857907,2,2011
21931,2011-03-01,1175,1.9227586206896552,2070.68,971.0,968.3333333333334,0.005363984674329414,3,2011
21931,2011-04-01,547,2.0605454545454545,1100.96,1175.0,897.6666666666666,0.07166101473848951,4,2011
21931,2011-05-01,968,2.0634285714285716,1897.44,547.0,896.6666666666666,0.00139920081683087,5,2011
21931,2011-06-01,834,2.0649180327868852,1608.72,968.0,783.0,0.0007218380994320484,6,2011
21931,2011-07-01,883,2.0615873015873016,1720.64,834.0,895.0,-0.0016130089169148487,7,2011
21931,2011-08-01,1445,2.0465333333333335,2754.6,883.0,1054.0,-0.0073021250384970315,8,2011
21931,2011-09-01,1036,2.055058823529412,2006.68,1445.0,1121.3333333333333,0.004165820344686155,9,2011
21931,2011-10-01,1094,2.117457627118644,2090.62,1036.0,1191.6666666666667,0.03036351216558697,10,2011
21931,2011-11-01,1076,2.0638709677419356,2088.08,1094.0,1068.6666666666667,-0.025307075187911643,11,2011
21931,2011-12-01,301,2.04375,588.38,1076.0,823.6666666666666,-0.009749140356361319,12,2011
21975,2011-02-01,723,0.546904761904762,382.05,437.0,625.6666666666666,-0.005627705627705537,2,2011
21975,2011-03-01,1177,0.5426415094339623,584.95,723.0,779.0,-0.007795237430282431,3,2011
21975,2011-04-01,1029,0.5464285714285715,457.95,1177.0,976.3333333333334,0.006978939002582951,4,2011
21975,2011-05-01,741,0.5445833333333333,376.35,1029.0,982.3333333333334,-0.0033769063180829617,5,2011
21975,2011-06-01,1239,0.5410344827586208,603.45,741.0,1003.0,-0.006516634567184432,6,2011
21975,2011-07-01,1388,0.5465909090909091,655.4,1239.0,1122.6666666666667,0.010270004055854765,7,2011
21975,2011-08-01,1516,0.5433333333333333,710.2,1388.0,1381.0,-0.005959805959806053,8,2011
21975,2011-09-01,1860,0.5463793103448276,864.58,1516.0,1588.0,0.005606092659191875,9,2011
21975,2011-10-01,465,0.6277777777777778,262.05,1860.0,1280.3333333333333,0.14897794607482218,10,2011
21975,2011-11-01,743,0.588888888888889,417.75000000000006,465.0,1022.6666666666666,-0.06194690265486702,11,2011
21975,2011-12-01,99,0.6136363636363636,57.25000000000001,743.0,435.6666666666667,0.04202401372212683,12,2011
21977,2011-02-01,1450,0.5407142857142857,703.9,731.0,1271.0,-0.0030213820886272336,2,2011
21977,2011-03-01,2628,0.5428767123287671,1336.2,1450.0,1603.0,0.0039992037784333245,3,2011
21977,2011-04-01,2526,0.5356923076923077,1157.94,2628.0,2201.3333333333335,-0.013233952522370362,4,2011
21977,2011-05-01,3949,0.5407142857142857,1758.55,2526.0,3034.3333333333335,0.009374743579223743,5,2011
21977,2011-06-01,1459,0.541875,755.6500000000001,3949.0,2644.6666666666665,0.002146631439894353,6,2011
21977,2011-07-01,2387,0.5430357142857144,1141.25,1459.0,2598.3333333333335,0.002142033283901945,7,2011
21977,2011-08-01,2227,0.5382608695652175,1007.65,2387.0,2024.3333333333333,-0.008792874197560918,8,2011
21977,2011-09-01,2251,0.5555384615384615,1068.93,2227.0,2288.3333333333335,0.03209891885174576,9,2011
21977,2011-10-01,1405,0.5822950819672131,698.25,2251.0,1961.0,0.048163398722482764,10,2011
21977,2011-11-01,1402,0.5808974358974359,730.98,1405.0,1686.0,-0.0024002367752368192,11,2011
21977,2011-12-01,217,0.5818181818181819,120.75,1402.0,1008.0,0.0015850404285628894,12,2011
22086,2011-03-01,85,2.75,218.75,2.0,594.6666666666666,-0.06779661016949157,3,2011
22086,2011-04-01,11,2.95,32.45,85.0,32.666666666666664,0.07272727272727275,4,2011
22086,2011-05-01,12,2.95,35.400000000000006,11.0,36.0,0.0,5,2011
22086,2011-06-01,337,2.85,866.1500000000001,12.0,120.0,-0.03389830508474578,6,2011
22086,2011-07-01,374,2.8978260869565218,1023.3,337.0,241.0,0.016781083142639153,7,2011
22086,2011-08-01,480,2.857692307692308,1272.0,374.0,397.0,-0.01384961625021619,8,2011
22086,2011-09-01,2064,2.972857142857143,5742.76,480.0,972.6666666666666,0.04029994231878464,9,2011
22086,2011-10-01,3243,2.9743902439024392,8854.49,2064.0,1929.0,0.0005156995346984328,10,2011
22086,2011-11-01,5919,2.9303899721448468,16139.01,3243.0,3742.0,-0.014793039295295518,11,2011
22086,2011-12-01,1393,2.9273076923076924,3856.47,5919.0,3518.3333333333335,-0.001051832645638795,12,2011
22151,2011-02-01,1111,0.417391304347826,440.7,747.0,752.6666666666666,-0.006211180124223725,2,2011
22151,2011-03-01,1372,0.4175,524.4,1111.0,1076.6666666666667,0.0002604166666668739,3,2011
22151,2011-04-01,1443,0.42,606.0600000000001,1372.0,1308.6666666666667,0.0059880239520957446,4,2011
22151,2011-05-01,2206,0.4147826086956521,874.68,1443.0,1673.6666666666667,-0.01242236024844734,5,2011
22151,2011-06-01,1372,0.4133333333333333,524.4,2206.0,1673.6666666666667,-0.0034940600978335956,6,2011
22151,2011-07-01,1922,0.4129411764705882,755.4,1372.0,1833.3333333333333,-0.000948766603415474,7,2011
22151,2011-08-01,1637,0.41,609.78,1922.0,1643.6666666666667,-0.00712250712250706,8,2011
22151,2011-09-01,1052,0.5183333333333333,419.5499999999999,1637.0,1537.0,0.2642276422764227,9,2011
22151,2011-10-01,593,0.42,249.06,1052.0,1094.0,-0.18971061093247588,10,2011
22151,2011-11-01,687,0.4518421052631578,295.8,593.0,777.3333333333334,0.075814536340852,11,2011
22151,2011-12-01,335,0.42,140.7,687.0,538.3333333333334,-0.07047175305765863,12,2011
22178,2011-02-01,1250,1.232075471698113,1433.68,1236.0,1227.6666666666667,0.007538353024157951,2,2011
22178,2011-03-01,2248,1.2332967032967033,2609.36,1250.0,1578.0,0.0009911986941084638,3,2011
22178,2011-04-01,1796,1.2294594594594594,2080.84,2248.0,1764.6666666666667,-0.0031113711947713396,4,2011
22178,2011-05-01,2521,1.2302083333333331,2914.13,1796.0,2188.3333333333335,0.0006091082289145788,5,2011
22178,2011-06-01,1834,1.2304411764705885,2110.1,2521.0,2050.3333333333335,0.00018927130547430338,6,2011
22178,2011-07-01,1327,1.231,1549.31,1834.0,1894.0,0.00045416517270213674,7,2011
22178,2011-08-01,1924,1.2246666666666668,2222.6,1327.0,1695.0,-0.005144868670457603,8,2011
22178,2011-09-01,1170,1.9136842105263157,2044.44,1924.0,1473.6666666666667,0.5626163940062456,9,2011
22178,2011-10-01,3293,1.9207142857142856,4237.68,1170.0,2129.0,0.003673581643878654,10,2011
22178,2011-11-01,1698,1.939875,2992.7999999999997,3293.0,2053.6666666666665,0.009975827445146912,11,2011
22178,2011-12-01,939,1.9374193548387095,1759.1999999999998,1698.0,1976.6666666666667,-0.0012658780391986424,12,2011
22197,2011-02-01,2505,0.8234090909090909,1864.57,1697.0,2104.0,-0.014149659863945563,2,2011
22197,2011-03-01,2034,0.8342424242424241,1575.5,2505.0,2078.6666666666665,0.013156684147575648,3,2011
22197,2011-04-01,1801,0.8353225806451613,1384.73,2034.0,2113.3333333333335,0.0012947752012468783,4,2011
22197,2011-05-01,6738,0.8348051948051948,4978.5,1801.0,3524.3333333333335,-0.0006193844772721668,5,2011
22197,2011-06-01,1989,0.8364935064935064,1552.85,6738.0,3509.3333333333335,0.002022401991288003,6,2011
22197,2011-07-01,1787,0.8332857142857143,1397.27,1989.0,3504.6666666666665,-0.0038348082595869304,7,2011
22197,2011-08-01,5286,0.8283333333333334,3916.42,1787.0,3020.6666666666665,-0.005943196754100155,8,2011
22197,2011-09-01,3772,0.8405208333333333,2881.98,5286.0,3615.0,0.014713279678068236,9,2011
22197,2011-10-01,5644,0.8617213114754098,4260.76,3772.0,4900.666666666667,0.02522302517832875,10,2011
22197,2011-11-01,8458,0.8426760563380281,6476.38,5644.0,5958.0,-0.022101408986593407,11,2011
22197,2011-12-01,5362,0.84,3992.2,8458.0,6488.0,-0.0031756643824167874,12,2011
22383,2011-02-01,719,1.638,1126.35,763.0,691.0,0.0,2,2011
22383,2011-03-01,898,1.644736842105263,1431.7,719.0,793.3333333333334,0.004112846218109478,3,2011
22383,2011-04-01,731,1.65,1206.15,898.0,782.6666666666666,0.0032000000000000917,4,2011
22383,2011-05-01,1336,1.643388429752066,2124.4,731.0,988.3333333333334,-0.004007012271475041,5,2011
22383,2011-06-01,1101,1.6417525773195876,1736.65,1336.0,1056.0,-0.0009954143541860416,6,2011
22383,2011-07-01,1440,1.6424528301886792,2286.0,1101.0,1292.3333333333333,0.0004265276502473103,7,2011
22383,2011-08-01,1622,1.642,2566.3,1440.0,1387.6666666666667,-0.00027570361860995707,8,2011
22383,2011-09-01,883,1.672135922330097,1439.43,1622.0,1315.0,0.018353180468999364,9,2011
22383,2011-10-01,621,1.6775555555555557,1032.09,883.0,1042.0,0.0032411439483379656,10,2011
22383,2011-11-01,899,1.6674789915966384,1445.83,621.0,801.0,-0.0060066946370549434,11,2011
22383,2011-12-01,118,1.65,194.7,899.0,546.0,-0.010482285944665493,12,2011
22386,2011-02-01,989,1.9227272727272728,1748.55,1073.0,837.0,0.0014204545454545858,2,2011
22386,2011-03-01,2715,1.905066666666667,4691.07,989.0,1592.3333333333333,-0.009185185185185074,3,2011
22386,2011-04-01,532,2.065961538461538,1068.66,2715.0,1412.0,0.0844562946851577,4,2011
22386,2011-05-01,1308,2.057792207792208,2515.04,532.0,1518.3333333333333,-0.003954251091921934,5,2011
22386,2011-06-01,2036,2.043764705882353,3839.88,1308.0,1292.0,-0.0068167727804281375,6,2011
22386,2011-07-01,1371,2.0488157894736845,2605.98,2036.0,1571.6666666666667,0.0024714604263365025,7,2011
22386,2011-08-01,2096,2.0437634408602148,3964.68,1371.0,1834.3333333333333,-0.0024659848090918812,8,2011
22386,2011-09-01,2554,2.0317307692307693,4756.02,2096.0,2007.0,-0.005887507031822059,9,2011
22386,2011-10-01,3098,2.031627906976744,5669.84,2554.0,2582.6666666666665,-5.0627895970878356e-05,10,2011
22386,2011-11-01,1515,2.073814432989691,2908.55,3098.0,2389.0,0.02076488803292942,11,2011
22386,2011-12-01,429,2.041333333333333,802.4200000000001,1515.0,1680.6666666666667,-0.015662490886193536,12,2011
22423,2011-02-01,839,12.344594594594597,9559.65,946.0,1118.3333333333333,0.005989167366312387,2,2011
22423,2011-03-01,1296,12.333630952380954,14797.4,839.0,1027.0,-0.0008881330309902236,3,2011
22423,2011-04-01,1098,12.463375796178344,12721.5,1296.0,1077.6666666666667,0.010519598348476933,4,2011
22423,2011-05-01,996,12.452046783625732,11503.6,1098.0,1130.0,-0.0009089842702235673,5,2011
22423,2011-06-01,712,12.444444444444445,8229.1,996.0,935.3333333333334,-0.0006105292819237329,6,2011
22423,2011-07-01,1076,12.37809917355372,12225.0,712.0,928.0,-0.005331316410861819,7,2011
22423,2011-08-01,775,12.40785123966942,8934.449999999999,1076.0,854.3333333333334,0.0024036054081120195,8,2011
22423,2011-09-01,730,12.624222222222222,8570.13,775.0,860.3333333333334,0.0174382315175603,9,2011
22423,2011-10-01,1028,12.798947368421054,11920.65,730.0,844.3333333333334,0.013840468198608402,10,2011
22423,2011-11-01,944,12.732832369942198,11064.24,1028.0,900.6666666666666,-0.005165659063649408,11,2011
22423,2011-12-01,392,12.779375,4545.03,944.0,788.0,0.0036553241812617987,12,2011
22469,2011-02-01,1200,1.6263440860215057,1893.6,2830.0,1868.0,-0.0026508057922081107,2,2011
22469,2011-03-01,836,1.6449999999999998,1531.4,1200.0,1622.0,0.011471074380164925,3,2011
22469,2011-04-01,2,1.65,3.3,836.0,679.3333333333334,0.003039513677811634,4,2011
22469,2011-05-01,1960,1.6257746478873238,3312.64,2.0,932.6666666666666,-0.014682031583440058,5,2011
22469,2011-06-01,1220,1.63,1946.6,1960.0,1060.6666666666667,0.0025989777354240573,6,2011
22469,2011-07-01,1049,1.6383333333333332,1707.09,1220.0,1409.6666666666667,0.005112474437627856,7,2011
22469,2011-08-01,550,1.6369565217391304,883.4999999999999,1049.0,939.6666666666666,-0.0008403733026669524,8,2011
22469,2011-09-01,1880,1.6558947368421053,3239.3799999999997,550.0,1159.6666666666667,0.011569161948696394,9,2011
22469,2011-10-01,1114,1.6459259259259258,1712.1699999999998,1880.0,1181.3333333333333,-0.006020196027188729,10,2011
22469,2011-11-01,2404,1.6580152671755723,4225.92,1114.0,1799.3333333333333,0.007345009310091299,11,2011
22469,2011-12-01,156,1.65,257.4,2404.0,1224.6666666666667,-0.004834254143646355,12,2011
22492,2011-02-01,829,0.65,538.85,1908.0,1812.3333333333333,0.027906976744186185,2,2011
22492,2011-03-01,2736,0.6466666666666667,1692.0000000000002,829.0,1824.3333333333333,-0.00512820512820511,3,2011
22492,2011-04-01,1548,0.6454545454545455,948.6,2736.0,1704.3333333333333,-0.0018744142455482393,4,2011
22492,2011-05-01,1836,0.6460000000000001,1164.6,1548.0,2040.0,0.0008450704225353434,5,2011
22492,2011-06-01,1443,0.6454545454545455,880.35,1836.0,1609.0,-0.0008443568815087454,6,2011
22492,2011-07-01,1872,0.645,1159.2,1443.0,1717.0,-0.0007042253521126751,7,2011
22492,2011-08-01,1584,0.6464285714285715,972.0,1872.0,1633.0,0.00221483942414169,8,2011
22492,2011-09-01,3314,0.7016666666666667,2040.86,1584.0,2256.6666666666665,0.08545119705340687,9,2011
22492,2011-10-01,3168,0.6411764705882353,1940.4,3314.0,2688.6666666666665,-0.08620930557496154,10,2011
22492,2011-11-01,2847,0.6699999999999999,1738.2900000000002,3168.0,3109.6666666666665,0.044954128440366725,11,2011
22492,2011-12-01,291,0.79,192.09,2847.0,2102.0,0.17910447761194037,12,2011
22616,2011-02-01,2659,0.284,703.43,445.0,1920.0,-0.020689655172413834,2,2011
22616,2011-03-01,3519,0.2848717948717948,893.79,2659.0,2207.6666666666665,0.003069700252798624,3,2011
22616,2011-04-01,2215,0.2870967741935483,603.4699999999999,3519.0,2797.6666666666665,0.007810458465201231,4,2011
22616,2011-05-01,1444,0.2884615384615384,384.2,2215.0,2392.6666666666665,0.004753673292999139,5,2011
22616,2011-06-01,2397,0.2865217391304347,643.29,1444.0,2018.6666666666667,-0.006724637681159384,6,2011
22616,2011-07-01,1242,0.2873333333333333,333.29999999999995,2397.0,1694.3333333333333,0.002832574607992022,7,2011
22616,2011-08-01,2419,0.2861290322580644,663.5899999999999,1242.0,2019.3333333333333,-0.004191303046179318,8,2011
22616,2011-09-01,1587,0.3796666666666667,525.81,2419.0,1749.3333333333333,0.32690717775272526,9,2011
22616,2011-10-01,1532,0.4267647058823529,559.0,1587.0,1846.0,0.12405102515106092,10,2011
22616,2011-11-01,2613,0.4021818181818182,898.99,1532.0,1910.6666666666667,-0.057602907086022004,11,2011
22616,2011-12-01,617,0.3858823529411765,210.39,2613.0,1587.3333333333333,-0.040527603446441796,12,2011
22629,2011-02-01,1195,1.9038461538461535,2061.45,1417.0,1154.6666666666667,-0.004867209819066853,2,2011
22629,2011-03-01,1747,1.910377358490566,3003.45,1195.0,1453.0,0.0034305317324185847,3,2011
22629,2011-04-01,483,1.9425,922.65,1747.0,1141.6666666666667,0.016814814814814838,4,2011
22629,2011-05-01,1104,1.9194915254237288,1972.8,483.0,1111.3333333333333,-0.011844774556638904,5,2011
22629,2011-06-01,1085,1.9241379310344824,1923.75,1104.0,890.6666666666666,0.0024206439826441883,6,2011
22629,2011-07-01,489,1.9441176470588233,934.35,1085.0,892.6666666666666,0.010383723381826027,7,2011
22629,2011-08-01,1810,1.9195652173913045,3150.2999999999997,489.0,1128.0,-0.012629086364533082,8,2011
22629,2011-09-01,939,1.9693939393939393,1749.2299999999998,1810.0,1079.3333333333333,0.025958337623116723,9,2011
22629,2011-10-01,971,1.9639999999999995,1761.2299999999998,939.0,1240.0,-0.002738882905062523,10,2011
22629,2011-11-01,1422,1.9369767441860464,2479.8799999999997,971.0,1110.6666666666667,-0.01375929522095376,11,2011
22629,2011-12-01,405,1.914,712.9499999999999,1422.0,932.6666666666666,-0.011862168327530287,12,2011
22693,2011-02-01,3795,1.2166666666666666,3799.11,456.0,2289.0,-0.016702586206896464,2,2011
22693,2011-03-01,624,1.24,752.64,3795.0,1625.0,0.019178082191780854,3,2011
22693,2011-04-01,2592,1.2353846153846153,2875.2000000000003,624.0,2337.0,-0.003722084367245748,4,2011
22693,2011-05-01,792,1.25,990.0,2592.0,1336.0,0.011830635118306398,5,2011
22693,2011-06-01,1128,1.2330434782608697,1185.36,792.0,1504.0,-0.01356521739130423,6,2011
22693,2011-07-01,1032,1.2270588235294118,1065.36,1128.0,984.0,-0.004853563428192209,7,2011
22693,2011-08-01,312,1.25,390.0,1032.0,824.0,0.01869606903163956,8,2011
22693,2011-09-01,408,1.25,510.0,312.0,584.0,0.0,9,2011
22693,2011-10-01,889,1.235925925925926,1074.77,408.0,536.3333333333334,-0.01125925925925908,10,2011
22693,2011-11-01,1056,1.2373333333333332,1260.72,889.0,784.3333333333334,0.0011387473778841084,11,2011
22693,2011-12-01,240,1.1866666666666668,263.52,1056.0,728.3333333333334,-0.04094827586206873,12,2011
22952,2011-05-01,1,0.55,0.55,24.0,398.6666666666667,0.0,5,2011
22952,2011-06-01,2,0.55,1.1,1.0,9.0,0.0,6,2011
22952,2011-07-01,1217,0.5229166666666667,575.75,2.0,406.6666666666667,-0.04924242424242431,7,2011
22952,2011-08-01,796,0.537,375.4,1217.0,671.6666666666666,0.026932270916334655,8,2011
22952,2011-09-01,3669,0.5389024390243903,1799.55,796.0,1894.0,0.0035427169914157286,9,2011
22952,2011-10-01,3726,0.5438095238095239,1908.9,3669.0,2730.3333333333335,0.009105701570059965,10,2011
22952,2011-11-01,3512,0.5452147239263804,1806.8,3726.0,3635.6666666666665,0.002583993209630986,11,2011
22952,2011-12-01,641,0.55,352.55,3512.0,2626.3333333333335,0.008776865083830465,12,2011
22961,2011-02-01,1090,1.4417808219178083,1522.9,1435.0,1328.0,0.0019038553069967712,2,2011
22961,2011-03-01,1555,1.4415789473684208,2177.95,1090.0,1360.0,-0.00014001750218795017,3,2011
22961,2011-04-01,176,1.45,255.2,1555.0,940.3333333333334,0.005841548010222741,4,2011
22961,2011-05-01,877,1.4372340425531915,1214.05,176.0,869.3333333333334,-0.00880410858400582,5,2011
22961,2011-06-01,771,1.45,1117.9499999999998,877.0,608.0,0.008882309400443988,6,2011
22961,2011-07-01,1166,1.446923076923077,1671.4999999999998,771.0,938.0,-0.0021220159151192908,7,2011
22961,2011-08-01,1381,1.4346153846153846,1848.85,1166.0,1106.0,-0.008506113769271684,8,2011
22961,2011-09-01,1567,1.5190526315789474,2209.51,1381.0,1371.3333333333333,0.058857062226612245,9,2011
22961,2011-10-01,1508,1.5683098591549296,2108.2,1567.0,1485.3333333333333,0.032426281059651396,10,2011
22961,2011-11-01,1203,1.542394366197183,1779.79,1508.0,1426.0,-0.0165244723843736,11,2011
22961,2011-12-01,867,1.5269565217391303,1241.35,1203.0,1192.6666666666667,-0.010009012478511048,12,2011
22969,2011-02-01,1392,1.4375,1884.0,831.0,1105.0,-0.0028901734104047616,2,2011
22969,2011-03-01,1704,1.4359649122807017,2278.7999999999997,1392.0,1309.0,-0.0010678871090771258,3,2011
22969,2011-04-01,936,1.4429824561403508,1318.8,1704.0,1344.0,0.004886988393402625,4,2011
22969,2011-05-01,636,1.4454545454545455,903.0,936.0,1092.0,0.0017131804365848602,5,2011
22969,2011-06-01,588,1.4441176470588235,833.4,636.0,720.0,-0.0009248982611913537,6,2011
22969,2011-07-01,360,1.4499999999999995,522.0,588.0,528.0,0.004073319755600435,7,2011
22969,2011-08-01,1056,1.4589285714285716,1705.2,360.0,668.0,0.006157635467980649,8,2011
22969,2011-09-01,1949,1.5456410256410256,3187.45,1056.0,1121.6666666666667,0.05943570912971152,9,2011
22969,2011-10-01,816,1.4449999999999998,1144.8,1949.0,1273.6666666666667,-0.06511280690112808,10,2011
22969,2011-11-01,552,1.44375,781.1999999999999,816.0,1105.6666666666667,-0.0008650519031140336,11,2011
22969,2011-12-01,180,1.45,261.0,552.0,516.0,0.0043290043290042934,12,2011
22998,2011-04-01,1684,0.4163265306122449,646.8,555.0,879.6666666666666,-0.008746355685131157,4,2011
22998,2011-05-01,1394,0.4189285714285714,556.68,1684.0,1211.0,0.006249999999999867,5,2011
22998,2011-06-01,607,0.42,254.94,1394.0,1228.3333333333333,0.002557544757033403,6,2011
22998,2011-07-01,1713,0.4166666666666667,661.8599999999999,607.0,1238.0,-0.007936507936507908,7,2011
22998,2011-08-01,1020,0.418235294117647,399.6,1713.0,1113.3333333333333,0.0037647058823526702,8,2011
22998,2011-09-01,1389,0.4269999999999999,559.5,1020.0,1374.0,0.02095639943741201,9,2011
22998,2011-10-01,1292,0.4503846153846153,516.71,1389.0,1233.6666666666667,0.0547649072239238,10,2011
22998,2011-11-01,1434,0.4446874999999999,578.81,1292.0,1371.6666666666667,-0.012649444918872876,11,2011
22998,2011-12-01,281,0.4492857142857143,118.84,1434.0,1002.3333333333334,0.010340327276378014,12,2011
23084,2011-07-01,236,2.0272727272727273,435.2000000000001,1621.0,984.6666666666666,0.016648655950290525,7,2011
23084,2011-08-01,1813,1.8944,3395.2000000000003,236.0,1223.3333333333333,-0.06554260089686093,8,2011
23084,2011-09-01,102,2.3733333333333335,235.14,1813.0,717.0,0.2528153153153154,9,2011
23084,2011-10-01,6249,2.0347457627118644,11955.35,102.0,2721.3333333333335,-0.14266330222814716,10,2011
23084,2011-11-01,12393,2.0173175965665235,23268.73,6249.0,6248.0,-0.008565279488339073,11,2011
23084,2011-12-01,3691,1.9931666666666668,6889.76,12393.0,7444.333333333333,-0.011971803518177615,12,2011
23199,2011-06-01,1677,2.0464285714285717,3188.86,2163.0,1719.0,-0.0019815889259443553,6,2011
23199,2011-07-01,1238,2.061413043478261,2436.44,1677.0,1692.6666666666667,0.007322255102814923,7,2011
23199,2011-08-01,3104,2.038181818181818,5781.32,1238.0,2006.3333333333333,-0.011269563550080353,8,2011
23199,2011-09-01,1273,2.064639175257732,2519.14,3104.0,1871.6666666666667,0.012980862080064881,9,2011
23199,2011-10-01,1592,2.0825352112676057,2987.31,1273.0,1989.6666666666667,0.008667875832415017,10,2011
23199,2011-11-01,1324,2.1329545454545458,2553.17,1592.0,1396.3333333333333,0.024210555439420745,11,2011
23199,2011-12-01,199,2.0638888888888887,405.22,1324.0,1038.3333333333333,-0.03238027585390424,12,2011
23201,2011-06-01,1256,2.0496202531645573,2418.78,1787.0,1306.3333333333333,0.006105706850378478,6,2011
23201,2011-07-01,1103,2.065340909090909,2175.64,1256.0,1382.0,0.007670033462091164,7,2011
23201,2011-08-01,2369,2.052395833333333,4476.92,1103.0,1576.0,-0.006267767079321529,8,2011
23201,2011-09-01,1681,2.074864864864865,3300.53,2369.0,1717.6666666666667,0.010947708607963458,9,2011
23201,2011-10-01,1449,2.086593406593406,2810.07,1681.0,1833.0,0.005652677399453188,10,2011
23201,2011-11-01,1426,2.0628846153846156,2785.1800000000003,1449.0,1518.6666666666667,-0.01136243943543258,11,2011
23201,2011-12-01,593,2.0353846153846153,1105.84,1426.0,1156.0,-0.013330847394425471,12,2011
23203,2011-07-01,2145,2.062878787878788,4219.2,1948.0,2168.3333333333335,0.002298493300832538,7,2011
23203,2011-08-01,4064,2.04496644295302,7670.12,2145.0,2719.0,-0.008683178590530138,8,2011
23203,2011-09-01,2719,2.065,5377.12,4064.0,2976.0,0.009796521168362382,9,2011
23203,2011-10-01,2263,2.06608,4353.24,2719.0,3015.3333333333335,0.000523002421307428,10,2011
23203,2011-11-01,3325,2.0613235294117644,6419.0,2263.0,2769.0,-0.0023021715462302472,11,2011
23203,2011-12-01,640,2.0643243243243243,1244.2,3325.0,2076.0,0.0014557612474428439,12,2011
47566,2011-02-01,810,4.812295081967213,3476.9,432.0,477.3333333333333,0.05301861749829606,2,2011
47566,2011-03-01,1357,4.877559055118111,6129.150000000001,810.0,866.3333333333334,0.01356192254200228,3,2011
47566,2011-04-01,1611,4.878834355828221,7278.450000000001,1357.0,1259.3333333333333,0.000261462894800113,4,2011
47566,2011-05-01,3021,4.845734597156398,13437.95,1611.0,1996.3333333333333,-0.006784357954740083,5,2011
47566,2011-06-01,1818,4.890000000000001,8271.1,3021.0,2150.0,0.009134921023032927,6,2011
47566,2011-07-01,2305,4.854746835443039,10311.15,1818.0,2381.3333333333335,-0.007209236105718109,7,2011
47566,2011-08-01,1379,4.892857142857143,6306.05,2305.0,1834.0,0.007850112210975091,8,2011
47566,2011-09-01,952,4.910975609756098,4406.8,1379.0,1545.3333333333333,0.0037030443297132454,9,2011
47566,2011-10-01,501,5.010348837209302,2432.4700000000003,952.0,944.0,0.020234925878228838,10,2011
47566,2011-11-01,821,5.041733333333333,3715.71,501.0,758.0,0.006263934337456645,11,2011
47566,2011-12-01,94,4.95,465.3,821.0,472.0,-0.018194800729907645,12,2011
71459,2011-02-01,733,0.83,580.93,868.0,761.6666666666666,0.004400440044004528,2,2011
71459,2011-03-01,1048,0.8270588235294117,815.92,733.0,883.0,-0.003543586109142405,3,2011
71459,2011-04-01,1731,0.8325,1346.55,1048.0,1170.6666666666667,0.006578947368421018,4,2011
71459,2011-05-01,2028,0.8303030303030302,1574.04,1731.0,1602.3333333333333,-0.002639002639002741,5,2011
71459,2011-06-01,1314,0.8341463414634145,1042.02,2028.0,1691.0,0.004628805412141723,6,2011
71459,2011-07-01,1246,0.8333333333333334,965.5,1314.0,1529.3333333333333,-0.0009746588693955172,7,2011
71459,2011-08-01,804,0.8204545454545454,617.88,1246.0,1121.3333333333333,-0.015454545454545499,8,2011
71459,2011-09-01,1092,0.7979999999999999,809.64,804.0,1047.3333333333333,-0.027368421052631597,9,2011
71459,2011-10-01,457,0.8355555555555555,363.49,1092.0,784.3333333333334,0.04706209969367858,10,2011
71459,2011-11-01,852,0.8973076923076923,671.52,457.0,800.3333333333334,0.07390548281505738,11,2011
71459,2011-12-01,84,0.85,71.4,852.0,464.3333333333333,-0.05272181740248605,12,2011
84077,2011-02-01,3457,0.285,795.1699999999998,1488.0,3361.3333333333335,0.017857142857143016,2,2011
84077,2011-03-01,3888,0.2793333333333333,943.2,3457.0,2944.3333333333335,-0.019883040935672502,3,2011
84077,2011-04-01,10224,0.2731578947368421,2281.44,3888.0,5856.333333333333,-0.022107775405099894,4,2011
84077,2011-05-01,4944,0.2806976744186046,1249.4399999999998,10224.0,6352.0,0.027602276291616157,5,2011
84077,2011-06-01,1920,0.2874193548387097,533.7599999999999,4944.0,5696.0,0.023946334553812676,6,2011
84077,2011-07-01,3600,0.2858974358974359,982.56,1920.0,3488.0,-0.005295116406227596,7,2011
84077,2011-08-01,2256,0.29,654.2399999999999,3600.0,2592.0,0.014349775784753271,8,2011
84077,2011-09-01,3462,0.3017647058823529,985.7,2256.0,3106.0,0.04056795131845825,9,2011
84077,2011-10-01,8174,0.3096491228070175,1953.98,3462.0,4630.666666666667,0.02612769741116927,10,2011
84077,2011-11-01,4500,0.3077777777777777,1294.1999999999998,8174.0,5378.666666666667,-0.006043437204910407,11,2011
84077,2011-12-01,1363,0.3023809523809523,376.65,4500.0,4679.0,-0.01753481175863847,12,2011
84755,2011-02-01,765,0.6431034482758622,468.4500000000001,584.0,593.6666666666666,0.0022391401701746805,2,2011
84755,2011-03-01,1080,0.6436170212765957,658.8000000000001,765.0,809.6666666666666,0.0007985853630709805,3,2011
84755,2011-04-01,1748,0.6443661971830986,1088.2,1080.0,1197.6666666666667,0.0011640088464672793,4,2011
84755,2011-05-01,2894,0.6403225806451613,1751.5,1748.0,1907.3333333333333,-0.006275339326634932,5,2011
84755,2011-06-01,2204,0.6407692307692308,1346.2,2894.0,2282.0,0.000697539236582001,6,2011
84755,2011-07-01,1552,0.6427272727272727,951.2,2204.0,2216.6666666666665,0.0030557677616500634,7,2011
84755,2011-08-01,1536,0.6395833333333334,926.4,1552.0,1764.0,-0.004891560584629806,8,2011
84755,2011-09-01,1176,0.6318181818181818,685.2,1536.0,1421.3333333333333,-0.012140953509031771,9,2011
84755,2011-10-01,704,0.6793333333333333,435.04,1176.0,1138.6666666666667,0.07520383693045574,10,2011
84755,2011-11-01,804,0.7128,562.24,704.0,894.6666666666666,0.049263984298331565,11,2011
84755,2011-12-01,132,0.72375,92.88,804.0,546.6666666666666,0.015361952861952854,12,2011
84879,2011-02-01,1619,1.6798591549295774,2620.91,1715.0,1867.0,0.0020162984121647742,2,2011
84879,2011-03-01,2502,1.6764150943396223,3997.98,1619.0,1945.3333333333333,-0.002050207947403404,3,2011
84879,2011-04-01,2368,1.6834545454545455,3886.72,2502.0,2163.0,0.00419910983782712,4,2011
84879,2011-05-01,3036,1.683093525179856,4977.24,2368.0,2635.3333333333335,-0.0002144520478228884,5,2011
84879,2011-06-01,1516,1.6872093023255814,2523.64,3036.0,2306.6666666666665,0.002445364493506519,6,2011
84879,2011-07-01,1771,1.69,2992.99,1516.0,2107.6666666666665,0.0016540317022741835,7,2011
84879,2011-08-01,6425,1.669230769230769,9665.93,1771.0,3237.3333333333335,-0.012289485662266841,8,2011
84879,2011-09-01,3016,1.6792537313432834,4866.64,6425.0,3737.3333333333335,0.00600453951440949,9,2011
84879,2011-10-01,2663,1.6850684931506847,4385.2699999999995,3016.0,4034.6666666666665,0.003462705902549823,10,2011
84879,2011-11-01,5190,1.6818840579710144,8252.7,2663.0,3623.0,-0.001889795692349705,11,2011
84879,2011-12-01,1274,1.667142857142857,1999.46,5190.0,3042.3333333333335,-0.008764695020619162,12,2011
84946,2011-02-01,812,1.2044,905.56,758.0,964.3333333333334,-0.008214101904271853,2,2011
84946,2011-03-01,1011,1.2252173913043478,1181.67,812.0,860.3333333333334,0.017284449771129085,3,2011
84946,2011-04-01,719,1.2353846153846153,857.71,1011.0,847.3333333333334,0.008298302123710188,4,2011
84946,2011-05-01,1626,1.2077777777777778,1854.66,719.0,1118.6666666666667,-0.022346755223467407,5,2011
84946,2011-06-01,1222,1.2234883720930232,1390.7,1626.0,1189.0,0.013007851778952029,6,2011
84946,2011-07-01,1120,1.2282857142857144,1290.56,1222.0,1322.6666666666667,0.0039210361962691564,7,2011
84946,2011-08-01,1470,1.2084375,1632.3000000000002,1120.0,1270.6666666666667,-0.016159281228192657,8,2011
84946,2011-09-01,1292,1.2676470588235296,1566.06,1470.0,1294.0,0.048996790337547,9,2011
84946,2011-10-01,1625,1.231,1919.53,1292.0,1462.3333333333333,-0.02890951276102094,10,2011
84946,2011-11-01,2912,1.2689655172413794,3521.08,1625.0,1943.0,0.030841200033614458,11,2011
84946,2011-12-01,583,1.2730555555555556,709.86,2912.0,1706.6666666666667,0.0032231280193235623,12,2011
84978,2011-02-01,849,1.188529411764706,949.53,831.0,654.0,-0.01635636087297232,2,2011
84978,2011-03-01,1789,1.2067088607594936,2023.45,849.0,1156.3333333333333,0.015295750205958303,3,2011
84978,2011-04-01,919,1.2204444444444444,1073.51,1789.0,1185.6666666666667,0.011382682378171749,4,2011
84978,2011-05-01,1420,1.211449275362319,1624.52,919.0,1376.0,-0.007370404382659235,5,2011
84978,2011-06-01,1261,1.2210169491525424,1458.83,1420.0,1200.0,0.007897708954724525,6,2011
84978,2011-07-01,609,1.231,727.0500000000001,1261.0,1096.6666666666667,0.008176013325930098,7,2011
84978,2011-08-01,885,1.2169565217391305,1017.33,609.0,918.3333333333334,-0.011408187051884289,8,2011
84978,2011-09-01,693,1.26,826.4200000000001,885.0,729.0,0.03536977491961402,9,2011
84978,2011-10-01,455,1.298684210526316,550.65,693.0,677.6666666666666,0.03070175438596512,10,2011
84978,2011-11-01,787,1.2731914893617022,912.14,455.0,645.0,-0.019629653581668238,11,2011
84978,2011-12-01,200,1.24,243.16,787.0,480.6666666666667,-0.02606951871657759,12,2011
84991,2011-02-01,671,0.5464864864864866,353.45000000000005,1095.0,1105.0,0.014935695084271172,2,2011
84991,2011-03-01,1973,0.5401470588235294,955.55,671.0,1246.3333333333333,-0.011600337464362731,3,2011
84991,2011-04-01,2248,0.5422857142857143,1045.6,1973.0,1630.6666666666667,0.003959394811559269,4,2011
84991,2011-05-01,1290,0.548,693.9,2248.0,1837.0,0.010537407797681864,5,2011
84991,2011-06-01,765,0.5417021276595745,387.99,1290.0,1434.3333333333333,-0.011492467774499193,6,2011
84991,2011-07-01,1283,0.5463414634146342,633.6500000000001,765.0,1112.6666666666667,0.008564366869120432,7,2011
84991,2011-08-01,1389,0.5442857142857144,676.35,1283.0,1145.6666666666667,-0.0037627551020407157,8,2011
84991,2011-09-01,2379,0.532,1102.53,1389.0,1683.6666666666667,-0.02257217847769044,9,2011
84991,2011-10-01,1513,0.5687037037037037,724.35,2379.0,1760.3333333333333,0.06899192425508205,10,2011
84991,2011-11-01,1409,0.5700000000000001,701.1500000000001,1513.0,1767.0,0.0022793878215565666,11,2011
84991,2011-12-01,125,0.588888888888889,70.85000000000001,1409.0,1015.6666666666666,0.033138401559454245,12,2011
84992,2011-02-01,887,0.5355555555555556,425.45,1392.0,1234.0,-0.014157834621616683,2,2011
84992,2011-03-01,1404,0.5386111111111112,653.4,887.0,1227.6666666666667,0.005705394190871349,3,2011
84992,2011-04-01,908,0.545945945945946,427.4,1404.0,1066.3333333333333,0.013618053329244706,4,2011
84992,2011-05-01,600,0.5464864864864866,314.40000000000003,908.0,970.6666666666666,0.000990099009900991,5,2011
84992,2011-06-01,532,0.5396,261.40000000000003,600.0,680.0,-0.012601384767557122,6,2011
84992,2011-07-01,1901,0.5451612903225808,829.5500000000001,532.0,1011.0,0.010306320093737664,7,2011
84992,2011-08-01,584,0.5456666666666667,305.6,1901.0,1005.6666666666666,0.0009270216962524724,8,2011
84992,2011-09-01,1497,0.5808510638297872,707.97,584.0,1327.3333333333333,0.06447965271188849,9,2011
84992,2011-10-01,864,0.5737500000000001,432.6,1497.0,981.6666666666666,-0.01222527472527457,10,2011
84992,2011-11-01,875,0.5830434782608697,424.13,864.0,1078.6666666666667,0.01619778346121059,11,2011
84992,2011-12-01,203,0.5833333333333334,115.15,875.0,647.3333333333334,0.000497141436738735,12,2011
85099B,2011-02-01,2971,1.891379310344827,5191.05,2625.0,2550.6666666666665,-0.0012518493228635963,2,2011
85099B,2011-03-01,4924,1.9046666666666667,8496.88,2971.0,3506.6666666666665,0.0070252202977820755,3,2011
85099B,2011-04-01,2211,2.026931818181818,4141.78,4924.0,3368.6666666666665,0.06419241416616273,4,2011
85099B,2011-05-01,3470,2.036666666666666,6585.2,2211.0,3535.0,0.004802750836276459,5,2011
85099B,2011-06-01,3529,2.033984375,6628.42,3470.0,3070.0,-0.001317000818330305,6,2011
85099B,2011-07-01,2970,2.045153846153846,5654.6,3529.0,3323.0,0.0054914242661505686,7,2011
85099B,2011-08-01,5278,2.032341772151899,9871.44,2970.0,3925.6666666666665,-0.006264601573149009,8,2011
85099B,2011-09-01,4177,2.05494623655914,7992.01,5278.0,4141.666666666667,0.011122373567762134,9,2011
85099B,2011-10-01,5237,2.068214285714286,9763.06,4177.0,4897.333333333333,0.006456640528640811,10,2011
85099B,2011-11-01,5678,2.074339622641509,10713.99,5237.0,5030.666666666667,0.002961654877607689,11,2011
85099B,2011-12-01,1055,2.0592857142857146,2020.4,5678.0,3990.0,-0.0072572052288257805,12,2011
85099C,2011-02-01,725,1.9125,1263.75,842.0,794.3333333333334,0.003937007874015741,2,2011
85099C,2011-03-01,1751,1.914918032786885,3028.1,725.0,1106.0,0.0012643308689594956,3,2011
85099C,2011-04-01,641,2.0489473684210524,1204.68,1751.0,1039.0,0.06999220506535586,4,2011
85099C,2011-05-01,1102,2.0492307692307694,2115.56,641.0,1164.6666666666667,0.0001383153194098874,5,2011
85099C,2011-06-01,1066,2.050819672131148,2021.65,1102.0,936.3333333333334,0.0007753655294640005,6,2011
85099C,2011-07-01,762,2.054222222222222,1468.96,1066.0,976.6666666666666,0.0016591171507236435,7,2011
85099C,2011-08-01,948,2.064736842105263,1826.84,762.0,925.3333333333334,0.005118540618096468,8,2011
85099C,2011-09-01,1432,2.038,2701.96,948.0,1047.3333333333333,-0.012949273515167059,9,2011
85099C,2011-10-01,1011,2.042173913043478,1891.18,1432.0,1130.3333333333333,0.002048043691598833,10,2011
85099C,2011-11-01,1479,2.0410975609756097,2783.42,1011.0,1307.3333333333333,-0.0005270619025117274,11,2011
85099C,2011-12-01,218,2.0494736842105263,441.84,1479.0,902.6666666666666,0.0041037348704258125,12,2011
85099F,2011-02-01,989,1.9013513513513511,1718.55,1393.0,937.3333333333334,0.005312208760484438,2,2011
85099F,2011-03-01,2839,1.912784810126582,4910.17,989.0,1740.3333333333333,0.0060133329734690655,3,2011
85099F,2011-04-01,539,2.0273333333333334,1009.92,2839.0,1455.6666666666667,0.05988573445392986,4,2011
85099F,2011-05-01,997,2.0496153846153846,1898.46,539.0,1458.3333333333333,0.010990817797789099,5,2011
85099F,2011-06-01,1988,2.040526315789474,3719.04,997.0,1174.6666666666667,-0.004434524103465454,6,2011
85099F,2011-07-01,1071,2.0444444444444447,2017.08,1988.0,1352.0,0.0019201559051957862,7,2011
85099F,2011-08-01,2157,2.029166666666667,4004.56,1071.0,1738.6666666666667,-0.007472826086956652,8,2011
85099F,2011-09-01,1393,2.030169491525424,2615.04,2157.0,1540.3333333333333,0.000494205269202741,9,2011
85099F,2011-10-01,1820,2.105283018867925,3335.95,1393.0,1790.0,0.03699864846558332,10,2011
85099F,2011-11-01,890,2.0551612903225807,1691.4,1820.0,1367.6666666666667,-0.023807596459071934,11,2011
85099F,2011-12-01,301,2.041333333333333,565.1800000000001,890.0,1003.6666666666666,-0.006728404750693251,12,2011
85123A,2011-02-01,1823,2.868110236220472,4912.65,5467.0,3633.6666666666665,-0.00041900761228641503,2,2011
85123A,2011-03-01,1918,2.896198830409357,5262.5,1823.0,3069.3333333333335,0.009793415132432148,3,2011
85123A,2011-04-01,3725,2.893354430379747,9581.65,1918.0,2488.6666666666665,-0.0009821149016926434,4,2011
85123A,2011-05-01,3846,2.8690452261306536,10700.42,3725.0,3163.0,-0.008401737441445345,5,2011
85123A,2011-06-01,1618,2.896875,4401.900000000001,3846.0,3063.0,0.009700012260482671,6,2011
85123A,2011-07-01,2971,2.8886394557823127,8303.97,1618.0,2811.6666666666665,-0.0028429063103128094,7,2011
85123A,2011-08-01,2046,2.8718045112781954,5498.1,2971.0,2211.6666666666665,-0.005827983991016361,8,2011
85123A,2011-09-01,2444,2.8822784810126585,6789.0,2046.0,2487.0,0.0036471736475549577,9,2011
85123A,2011-10-01,1650,2.9857333333333336,4564.54,2444.0,2046.6666666666667,0.03589342702386178,10,2011
85123A,2011-11-01,4861,2.937016806722689,13855.83,1650.0,2985.0,-0.016316435921039374,11,2011
85123A,2011-12-01,802,2.9303389830508477,2151.14,4861.0,2437.6666666666665,-0.00227367567545278,12,2011
